technique,testName,sec.avg
isolated,tachyon.DataServerTest.readPartialTest1,0.0149859
isolated,tachyon.DataServerTest.readPartialTest2,0.0149895
isolated,tachyon.DataServerTest.readTest,0.0150233
isolated,tachyon.JournalTest.AddBlockTest,0.014123300000001
isolated,tachyon.JournalTest.AddCheckpointTest,0.014356800000001
isolated,tachyon.JournalTest.DeleteTest,0.014083200000001
isolated,tachyon.JournalTest.EmptyImageTest,0.014436500000001
isolated,tachyon.JournalTest.FileFolderTest,0.014265600000001
isolated,tachyon.JournalTest.FileTest,0.014476000000001
isolated,tachyon.JournalTest.FolderTest,0.014067200000001
isolated,tachyon.JournalTest.ManyFileTest,0.014309100000001
isolated,tachyon.JournalTest.RenameTest,0.014266300000001
isolated,tachyon.JournalTest.TableTest,0.013951900000001
isolated,tachyon.MasterClientTest.openCloseTest,0.01496445
isolated,tachyon.MasterFaultToleranceTest.faultTest,0.1445453
isolated,tachyon.MasterFaultToleranceTest.getClientsTest,0.14458875
isolated,tachyon.MasterInfoTest.addCheckpointTest,0.0149317
isolated,tachyon.MasterInfoTest.clientFileInfoDirectoryTest,0.0149923
isolated,tachyon.MasterInfoTest.clientFileInfoEmptyFileTest,0.0149194
isolated,tachyon.MasterInfoTest.createAlreadyExistFileTest,0.0150291
isolated,tachyon.MasterInfoTest.createDirectoryTest,0.01501705
isolated,tachyon.MasterInfoTest.createFileInvalidPathTest,0.0150324
isolated,tachyon.MasterInfoTest.createFilePerfTest,0.0149458
isolated,tachyon.MasterInfoTest.createFileTest,0.015366
isolated,tachyon.MasterInfoTest.createRawTableTest,0.01502275
isolated,tachyon.MasterInfoTest.deleteDirectoryWithDirectoriesTest,0.0149609
isolated,tachyon.MasterInfoTest.deleteDirectoryWithDirectoriesTest2,0.0148901
isolated,tachyon.MasterInfoTest.deleteDirectoryWithFilesTest,0.0148971
isolated,tachyon.MasterInfoTest.deleteDirectoryWithFilesTest2,0.0151314
isolated,tachyon.MasterInfoTest.deleteEmptyDirectoryTest,0.0149939
isolated,tachyon.MasterInfoTest.deleteFileTest,0.01511335
isolated,tachyon.MasterInfoTest.getCapacityBytesTest,0.01517145
isolated,tachyon.MasterInfoTest.lsTest,0.01525445
isolated,tachyon.MasterInfoTest.negativeColumnTest,0.01499875
isolated,tachyon.MasterInfoTest.notFileCheckpointTest,0.0148314
isolated,tachyon.MasterInfoTest.tooManyColumnsTest,0.0149225
isolated,tachyon.WorkerServiceHandlerTest.evictionTest,0.0156855
isolated,tachyon.WorkerServiceHandlerTest.overCapacityRequestSpaceTest,0.015708049999999
isolated,tachyon.WorkerServiceHandlerTest.overReturnSpaceTest,0.015558649999999
isolated,tachyon.WorkerServiceHandlerTest.returnSpaceTest,0.01558435
isolated,tachyon.WorkerServiceHandlerTest.totalOverCapacityRequestSpaceTest,0.01553435
isolated,tachyon.client.BlockInStreamTest.readTest1,0.0150174
isolated,tachyon.client.BlockInStreamTest.readTest2,0.015185
isolated,tachyon.client.BlockInStreamTest.readTest3,0.0151604
isolated,tachyon.client.BlockInStreamTest.skipTest,0.01532105
isolated,tachyon.client.FileInStreamTest.readTest1,0.01513325
isolated,tachyon.client.FileInStreamTest.readTest2,0.0152246
isolated,tachyon.client.FileInStreamTest.readTest3,0.015558699999999
isolated,tachyon.client.FileInStreamTest.skipTest,0.01527065
isolated,tachyon.client.FileOutStreamTest.writeTest1,0.0154731
isolated,tachyon.client.FileOutStreamTest.writeTest2,0.01552465
isolated,tachyon.client.FileOutStreamTest.writeTest3,0.01510795
isolated,tachyon.client.LocalBlockInStreamTest.readTest1,0.01579825
isolated,tachyon.client.LocalBlockInStreamTest.readTest2,0.015502
isolated,tachyon.client.LocalBlockInStreamTest.readTest3,0.01561945
isolated,tachyon.client.LocalBlockInStreamTest.skipTest,0.0153375
isolated,tachyon.client.RemoteBlockInStreamTest.readTest1,0.01556775
isolated,tachyon.client.RemoteBlockInStreamTest.readTest2,0.015831249999999
isolated,tachyon.client.RemoteBlockInStreamTest.readTest3,0.0157521
isolated,tachyon.client.RemoteBlockInStreamTest.readTest4,0.015617849999999
isolated,tachyon.client.RemoteBlockInStreamTest.readTest5,0.01546315
isolated,tachyon.client.RemoteBlockInStreamTest.readTest6,0.015499349999999
isolated,tachyon.client.RemoteBlockInStreamTest.readTest7,0.015511949999999
isolated,tachyon.client.RemoteBlockInStreamTest.skipTest,0.015605749999999
isolated,tachyon.client.TachyonFSTest.createFileTest,0.0151701
isolated,tachyon.client.TachyonFSTest.createFileTest2,0.015563849999999
isolated,tachyon.client.TachyonFSTest.createFileWithCheckpointFileTest,0.0150089
isolated,tachyon.client.TachyonFSTest.createFileWithFileAlreadyExistExceptionTest,0.01525185
isolated,tachyon.client.TachyonFSTest.createFileWithInvalidPathExceptionTest,0.01517835
isolated,tachyon.client.TachyonFSTest.createRawTableTestEmptyMetadata,0.0149489
isolated,tachyon.client.TachyonFSTest.createRawTableTestWithMetadata,0.0148854
isolated,tachyon.client.TachyonFSTest.createRawTableWithFileAlreadyExistExceptionTest,0.01524955
isolated,tachyon.client.TachyonFSTest.createRawTableWithInvalidPathExceptionTest1,0.015618149999999
isolated,tachyon.client.TachyonFSTest.createRawTableWithInvalidPathExceptionTest2,0.01497225
isolated,tachyon.client.TachyonFSTest.createRawTableWithTableColumnExceptionTest1,0.0156966
isolated,tachyon.client.TachyonFSTest.createRawTableWithTableColumnExceptionTest2,0.01512915
isolated,tachyon.client.TachyonFSTest.createRawTableWithTableColumnExceptionTest3,0.01557015
isolated,tachyon.client.TachyonFSTest.deleteFileTest,0.015348599999999
isolated,tachyon.client.TachyonFSTest.lockBlockTest1,0.0150631
isolated,tachyon.client.TachyonFSTest.lockBlockTest2,0.0150704
isolated,tachyon.client.TachyonFSTest.lockBlockTest3,0.015145699999999
isolated,tachyon.client.TachyonFSTest.lockBlockTest4,0.0152489
isolated,tachyon.client.TachyonFSTest.renameFileTest1,0.0149742
isolated,tachyon.client.TachyonFSTest.renameFileTest2,0.01538965
isolated,tachyon.client.TachyonFSTest.renameFileTest3,0.0148743
isolated,tachyon.client.TachyonFSTest.unlockBlockTest1,0.0152119
isolated,tachyon.client.TachyonFSTest.unlockBlockTest2,0.0154691
isolated,tachyon.client.TachyonFSTest.unlockBlockTest3,0.015201899999999
isolated,tachyon.client.TachyonFileTest.isInMemoryTest,0.015396549999999
isolated,tachyon.client.TachyonFileTest.isInMemoryTest2,0.01517685
isolated,tachyon.client.TachyonFileTest.isInMemoryTest3,0.015210999999999
isolated,tachyon.client.TachyonFileTest.writeEmptyFileTest,0.015513049999999
isolated,tachyon.client.table.RawColumnTest.basicTest,0.01511805
isolated,tachyon.client.table.RawTableTest.getColumnsTest,0.0152781
isolated,tachyon.client.table.RawTableTest.getIdTest,0.015244099999999
isolated,tachyon.client.table.RawTableTest.getMetadataTest,0.0152939
isolated,tachyon.client.table.RawTableTest.getNameTest,0.0152064
isolated,tachyon.client.table.RawTableTest.getPathTest,0.015585049999999
isolated,tachyon.client.table.RawTableTest.rawtablePerfTest,0.015177899999999
isolated,tachyon.client.table.RawTableTest.updateMetadataTest,0.01565965
isolated,tachyon.command.TFsShellTest.copyFromLocalLargeTest,0.0151288
isolated,tachyon.command.TFsShellTest.copyFromLocalTest,0.0151733
isolated,tachyon.command.TFsShellTest.copyToLocalLargeTest,0.015169199999999
isolated,tachyon.command.TFsShellTest.copyToLocalTest,0.01498595
isolated,tachyon.command.TFsShellTest.fileinfoTest,0.01491885
isolated,tachyon.command.TFsShellTest.locationTest,0.01501215
isolated,tachyon.command.TFsShellTest.mkdirComplexPathTest,0.01507785
isolated,tachyon.command.TFsShellTest.mkdirExistingTest,0.01544545
isolated,tachyon.command.TFsShellTest.mkdirInvalidPathTest,0.01519115
isolated,tachyon.command.TFsShellTest.mkdirShortPathTest,0.0151137
isolated,tachyon.command.TFsShellTest.mkdirTest,0.0150973
isolated,tachyon.command.TFsShellTest.renameParentDirectoryTest,0.0151691
isolated,tachyon.command.TFsShellTest.renameTest,0.0152037
isolated,tachyon.command.TFsShellTest.renameToExistingFileTest,0.0150363
isolated,tachyon.command.TFsShellTest.rmNotExistingFileTest,0.015123449999999
isolated,tachyon.command.TFsShellTest.rmTest,0.01496505
isolated,org.activiti.engine.test.api.event.ActivityEventsTest.testActivityTimeOutEvent,2.8683618
isolated,org.activiti.engine.test.api.event.JobEventsTest.testTimerFiredForIntermediateTimer,1.8180918
isolated,org.activiti.engine.test.api.repository.ProcessDefinitionSuspensionTest.testDelayedActivateProcessDefinition,1.8296142
isolated,org.activiti.engine.test.api.repository.ProcessDefinitionSuspensionTest.testDelayedSuspendMultipleProcessDefinitionsByKey,2.5257646
isolated,org.activiti.engine.test.api.repository.ProcessDefinitionSuspensionTest.testSuspendProcessInstancesDuringProcessDefinitionSuspend,1.9471461
isolated,org.activiti.engine.test.api.task.TaskServiceTest.testGetVariableByHistoricActivityInstance,1.7432919
isolated,org.activiti.engine.test.bpmn.async.AsyncExclusiveJobsTest.testExclusiveJobs,15.2366598
isolated,org.activiti.engine.test.bpmn.async.AsyncTaskTest.testAsyncTask,1.9005019
isolated,org.activiti.engine.test.bpmn.async.AsyncTaskTest.testBasicAsyncCallActivity,1.9754857
isolated,org.activiti.engine.test.bpmn.event.end.TerminateEndEventTest.testTerminateInSubProcessWithBoundary,1.8907809
isolated,org.activiti.engine.test.bpmn.event.timer.BoundaryTimerEventTest.testExpressionOnTimer,1.8484853
isolated,org.activiti.engine.test.bpmn.event.timer.BoundaryTimerEventTest.testMultipleTimersOnUserTask,1.858276
isolated,org.activiti.engine.test.bpmn.event.timer.BoundaryTimerNonInterruptingEventTest.testJoin,1.8161176
isolated,org.activiti.engine.test.bpmn.event.timer.BoundaryTimerNonInterruptingEventTest.testMultipleTimersOnUserTask,1.8666496
isolated,org.activiti.engine.test.bpmn.event.timer.IntermediateTimerEventTest.testCatchingTimerEvent,1.772798
isolated,org.activiti.engine.test.bpmn.event.timer.IntermediateTimerEventTest.testTimerEventWithStartAndDuration,1.8646891
isolated,org.activiti.engine.test.bpmn.event.timer.StartTimerEventRepeatWithEndTest.testCycleDateStartTimerEvent,2.6119461
isolated,org.activiti.engine.test.bpmn.event.timer.StartTimerEventTest.testDurationStartTimerEvent,1.9152378
isolated,org.activiti.engine.test.bpmn.event.timer.compatibility.BoundaryTimerEventRepeatCompatibilityTest.testRepeatWithoutEnd,3.9654153
isolated,org.activiti.engine.test.bpmn.event.timer.compatibility.StartTimerEventRepeatCompatibilityTest.testCycleDateStartTimerEvent,12.0425467
isolated,org.activiti.engine.test.bpmn.exclusive.ExclusiveTimerEventTest.testCatchingTimerEvent,3.606834
isolated,org.activiti.engine.test.bpmn.gateway.EventBasedGatewayTest.testCatchTimerCancelsSignal,1.8875291
isolated,org.activiti.engine.test.bpmn.subprocess.SubProcessTest.testNestedSimpleSubprocessWithTimerOnInnerSubProcess,1.8228005
isolated,org.activiti.engine.test.bpmn.subprocess.SubProcessTest.testSimpleSubProcessWithTimer,2.2466808
isolated,org.activiti.engine.test.history.HistoricVariableInstanceTest.testHistoricVariableQueryByTaskIds,1.7393462
isolated,org.activiti.engine.test.jobexecutor.AsyncExecutorTest.testAsyncExecutorDisabledOnOneEngine,2.8442862
isolated,org.activiti.engine.test.jobexecutor.AsyncExecutorTest.testAsyncFailingScript,4.644579
isolated,org.activiti.engine.test.jobexecutor.AsyncExecutorTest.testRegularAsyncExecution,3.1564832
isolated,org.activiti.engine.test.jobexecutor.JobExecutorExceptionsTest.testQueryByExceptionWithRealJobExecutor,2.1644583
isolated,org.activiti.engine.test.jobexecutor.JobExecutorTest.testBasicJobExecutorOperation,1.775079
isolated,org.activiti.spring.test.jobexecutor.SpringAsyncExecutorTest.testHappyJobExecutorPath,2.0973444999999
isolated,org.activiti.spring.test.servicetask.ServiceTaskSpringDelegationTest.testAsyncMethodExpressionOnSpringBean,2.5825861
isolated,org.apache.ambari.server.agent.TestActionQueue.testConcurrentOperations,0.2830502
isolated,org.apache.ambari.server.bootstrap.BootStrapTest.testRun,0.0118666
isolated,org.apache.ambari.server.controller.AmbariManagementControllerTest.testClientServiceSmokeTests,2.381585
isolated,org.apache.ambari.server.controller.AmbariManagementControllerTest.testConfigUpdates,2.3699998
isolated,org.apache.ambari.server.controller.AmbariManagementControllerTest.testCreateActions,2.3100147
isolated,org.apache.ambari.server.controller.AmbariManagementControllerTest.testCreateAndGetUsers,1.9090689
isolated,org.apache.ambari.server.controller.AmbariManagementControllerTest.testCreateClusterSimple,1.937397
isolated,org.apache.ambari.server.controller.AmbariManagementControllerTest.testCreateClusterWithDesiredClusterConfigs,1.7582558
isolated,org.apache.ambari.server.controller.AmbariManagementControllerTest.testCreateClusterWithHostMapping,1.9951081
isolated,org.apache.ambari.server.controller.AmbariManagementControllerTest.testCreateClusterWithInvalidRequest,1.7694695
isolated,org.apache.ambari.server.controller.AmbariManagementControllerTest.testCreateClusterWithInvalidStack,1.7635514
isolated,org.apache.ambari.server.controller.AmbariManagementControllerTest.testCreateHostMultiple,2.0383858
isolated,org.apache.ambari.server.controller.AmbariManagementControllerTest.testCreateHostSimple,2.0159732
isolated,org.apache.ambari.server.controller.AmbariManagementControllerTest.testCreateHostWithInvalidRequests,1.9341211
isolated,org.apache.ambari.server.controller.AmbariManagementControllerTest.testCreateServiceComponentHostMultiple,2.0845388
isolated,org.apache.ambari.server.controller.AmbariManagementControllerTest.testCreateServiceComponentHostSimple,2.1339894
isolated,org.apache.ambari.server.controller.AmbariManagementControllerTest.testCreateServiceComponentHostWithInvalidRequest,2.1735953
isolated,org.apache.ambari.server.controller.AmbariManagementControllerTest.testCreateServiceComponentMultiple,1.9923598
isolated,org.apache.ambari.server.controller.AmbariManagementControllerTest.testCreateServiceComponentSimple,1.9836995
isolated,org.apache.ambari.server.controller.AmbariManagementControllerTest.testCreateServiceComponentWithConfigs,1.7666671
isolated,org.apache.ambari.server.controller.AmbariManagementControllerTest.testCreateServiceComponentWithInvalidRequest,1.9974919
isolated,org.apache.ambari.server.controller.AmbariManagementControllerTest.testCreateServiceWithInvalidInfo,1.949003
isolated,org.apache.ambari.server.controller.AmbariManagementControllerTest.testCreateServicesMultiple,1.9575786
isolated,org.apache.ambari.server.controller.AmbariManagementControllerTest.testCreateServicesSimple,1.9411190108192
isolated,org.apache.ambari.server.controller.AmbariManagementControllerTest.testCreateServicesWithInvalidRequest,1.9989191
isolated,org.apache.ambari.server.controller.AmbariManagementControllerTest.testDeleteUsers,1.9722865
isolated,org.apache.ambari.server.controller.AmbariManagementControllerTest.testGetActions,1.7619923
isolated,org.apache.ambari.server.controller.AmbariManagementControllerTest.testGetClusters,1.910708
isolated,org.apache.ambari.server.controller.AmbariManagementControllerTest.testGetClustersWithFilters,1.9393461
isolated,org.apache.ambari.server.controller.AmbariManagementControllerTest.testGetHosts,2.0194509
isolated,org.apache.ambari.server.controller.AmbariManagementControllerTest.testGetRequestAndTaskStatus,2.1459046
isolated,org.apache.ambari.server.controller.AmbariManagementControllerTest.testGetServiceComponentHosts,2.0205159
isolated,org.apache.ambari.server.controller.AmbariManagementControllerTest.testGetServiceComponentHostsWithFilters,2.1728422
isolated,org.apache.ambari.server.controller.AmbariManagementControllerTest.testGetServiceComponents,1.9681961
isolated,org.apache.ambari.server.controller.AmbariManagementControllerTest.testGetServiceComponentsWithFilters,2.0114979
isolated,org.apache.ambari.server.controller.AmbariManagementControllerTest.testGetServices,1.9345474
isolated,org.apache.ambari.server.controller.AmbariManagementControllerTest.testGetServicesWithFilters,1.9708004
isolated,org.apache.ambari.server.controller.AmbariManagementControllerTest.testGetUsers,1.942577
isolated,org.apache.ambari.server.controller.AmbariManagementControllerTest.testInstallAndStartService,2.7959145
isolated,org.apache.ambari.server.controller.AmbariManagementControllerTest.testRcaOnJobtrackerHost,2.5831916
isolated,org.apache.ambari.server.controller.AmbariManagementControllerTest.testServiceComponentHostUpdateRecursive,2.5014983
isolated,org.apache.ambari.server.controller.AmbariManagementControllerTest.testServiceComponentUpdateRecursive,2.6059084
isolated,org.apache.ambari.server.controller.AmbariManagementControllerTest.testServiceUpdateBasic,1.9613403
isolated,org.apache.ambari.server.controller.AmbariManagementControllerTest.testServiceUpdateInvalidRequest,1.9776133
isolated,org.apache.ambari.server.controller.AmbariManagementControllerTest.testServiceUpdateInvalidUpdates,1.7579491
isolated,org.apache.ambari.server.controller.AmbariManagementControllerTest.testServiceUpdateRecursive,2.6325683
isolated,org.apache.ambari.server.controller.AmbariManagementControllerTest.testStartClientComponent,1.7832812
isolated,org.apache.ambari.server.controller.AmbariManagementControllerTest.testStartClientHostComponent,1.7532563
isolated,org.apache.ambari.server.controller.AmbariManagementControllerTest.testUpdateUsers,1.9522206
isolated,org.apache.ambari.server.security.authorization.AmbariLdapAuthenticationProviderTest.testAuthenticate,1.4291737191737
isolated,org.apache.ambari.server.security.authorization.AmbariLdapAuthenticationProviderTest.testBadCredential,0.15772508872509
isolated,org.apache.commons.exec.DefaultExecutorTest.testExecuteAsyncWithProcessDestroyer,2.1050277999997
isolated,org.apache.hadoop.hbase.TestEmptyMetaInfo.testEmptyMetaInfo,104.41324052598
isolated,org.apache.hadoop.hbase.TestInfoServers.testInfoServersAreUp,109.32641222015
isolated,org.apache.hadoop.hbase.TestMergeMeta.testMergeMeta,107.29284256233
isolated,org.apache.hadoop.hbase.TestMergeTable.testMergeTable,108.11099049621
isolated,org.apache.hadoop.hbase.TestMultiParallelPut.testMultiPut,103.24371990696
isolated,org.apache.hadoop.hbase.TestScanMultipleVersions.testScanMultipleVersions,102.19496890453
isolated,org.apache.hadoop.hbase.TestZooKeeper.testRegionServerSessionExpired,33.000003468103
isolated,org.apache.hadoop.hbase.client.TestAdmin.testCreateBadTables,1.0087337918386
isolated,org.apache.hadoop.hbase.client.TestAdmin.org.apache.hadoop.hbase.client.TestAdmin,5.261
isolated,org.apache.hadoop.hbase.client.TestAdmin.testCreateTable,0.33474211587826
isolated,org.apache.hadoop.hbase.client.TestAdmin.testCreateTableWithRegions,1.2153282183221
isolated,org.apache.hadoop.hbase.client.TestAdmin.testEnableDisableAddColumnDeleteColumn,0.66086711752878
isolated,org.apache.hadoop.hbase.client.TestAdmin.testForceSplit,6.6467974869302
isolated,org.apache.hadoop.hbase.client.TestAdmin.testGetTableDescriptor,0.34848136588948
isolated,org.apache.hadoop.hbase.client.TestAdmin.testReadOnlyTable,0.33143944668377
isolated,org.apache.hadoop.hbase.client.TestAdmin.testTableNameClash,0.63013233949149
isolated,org.apache.hadoop.hbase.client.TestAdmin.testTableNotFoundExceptionWithATable,0.33131602860749
isolated,org.apache.hadoop.hbase.client.TestFromClientSide.testDeletes,5.1304495706194
isolated,org.apache.hadoop.hbase.client.TestFromClientSide.testFilters,5.0945553625309
isolated,org.apache.hadoop.hbase.client.TestFromClientSide.testGetClosestRowBefore,5.0822355575868
isolated,org.apache.hadoop.hbase.client.TestFromClientSide.testGet_EmptyTable,5.0763121234253
isolated,org.apache.hadoop.hbase.client.TestFromClientSide.testGet_NonExistentRow,5.077765158454
isolated,org.apache.hadoop.hbase.client.TestFromClientSide.testHBase737,8.1726823378761
isolated,org.apache.hadoop.hbase.client.TestFromClientSide.testJiraTest1014,5.0781894140233
isolated,org.apache.hadoop.hbase.client.TestFromClientSide.testJiraTest1182,5.1547942492012
isolated,org.apache.hadoop.hbase.client.TestFromClientSide.testJiraTest33,5.1587437185929
isolated,org.apache.hadoop.hbase.client.TestFromClientSide.testJiraTest52,5.1466292772186
isolated,org.apache.hadoop.hbase.client.TestFromClientSide.testJiraTest861,5.1765352073986
isolated,org.apache.hadoop.hbase.client.TestFromClientSide.testJiraTest867,5.5748459136823
isolated,org.apache.hadoop.hbase.client.TestFromClientSide.testListTables,15.196642738818
isolated,org.apache.hadoop.hbase.client.TestFromClientSide.testMiscHTableStuff,15.190844548201
isolated,org.apache.hadoop.hbase.client.TestFromClientSide.testRowsPut,5.0904512133891
isolated,org.apache.hadoop.hbase.client.TestFromClientSide.testRowsPutBufferedManyManyFlushes,5.1326247718145
isolated,org.apache.hadoop.hbase.client.TestFromClientSide.testRowsPutBufferedOneFlush,5.1387648616565
isolated,org.apache.hadoop.hbase.client.TestFromClientSide.testSimpleMissing,5.1010227563517
isolated,org.apache.hadoop.hbase.client.TestFromClientSide.testSingleRowMultipleFamily,5.4701288051924
isolated,org.apache.hadoop.hbase.client.TestFromClientSide.testVersionLimits,5.1088668190129
isolated,org.apache.hadoop.hbase.client.TestFromClientSide.testVersions,5.2191882482962
isolated,org.apache.hadoop.hbase.client.TestGetRowVersions.testGetRowMultipleVersions,109.82244809341
isolated,org.apache.hadoop.hbase.client.TestScannerTimeout.test2481,6.5805882673943
isolated,org.apache.hadoop.hbase.client.TestTimestamp.testTimestamps,119.32998758104
isolated,org.apache.hadoop.hbase.io.hfile.TestLruBlockCache.testBackgroundEvictionThread,1.0849142
isolated,org.apache.hadoop.hbase.mapred.TestTableMapReduce.testMultiRegionTable,99.36442051871
isolated,org.apache.hadoop.hbase.mapreduce.TestTableInputFormatScan.testScanEmptyToAPP,1.0984348017234
isolated,org.apache.hadoop.hbase.mapreduce.TestTableInputFormatScan.testScanEmptyToBBA,1.0963145606844
isolated,org.apache.hadoop.hbase.mapreduce.TestTableInputFormatScan.testScanEmptyToBBB,1.1045103039428
isolated,org.apache.hadoop.hbase.mapreduce.TestTableInputFormatScan.testScanEmptyToEmpty,0.031916988416988
isolated,org.apache.hadoop.hbase.mapreduce.TestTableInputFormatScan.testScanEmptyToOPP,0.030656884875846
isolated,org.apache.hadoop.hbase.mapreduce.TestTableInputFormatScan.testScanOBBToOPP,1.0955848471422
isolated,org.apache.hadoop.hbase.mapreduce.TestTableInputFormatScan.testScanOBBToQPP,1.0978402514468
isolated,org.apache.hadoop.hbase.mapreduce.TestTableInputFormatScan.testScanOPPToEmpty,0.029454545454545
isolated,org.apache.hadoop.hbase.mapreduce.TestTableInputFormatScan.testScanYYXToEmpty,1.1021176580446
isolated,org.apache.hadoop.hbase.mapreduce.TestTableInputFormatScan.testScanYYYToEmpty,1.1022700788813
isolated,org.apache.hadoop.hbase.mapreduce.TestTableInputFormatScan.testScanYZYToEmpty,1.1014557000302
isolated,org.apache.hadoop.hbase.mapreduce.TestTableMapReduce.testMultiRegionTable,100.96946613621
isolated,org.apache.hadoop.hbase.mapreduce.TestTimeRangeMapRed.testTimeRangeMapRed,105.48948235986
isolated,org.apache.hadoop.hbase.master.TestMasterTransitions.testAddingServerBeforeOldIsDead2413,8.7999184359248
isolated,org.apache.hadoop.hbase.master.TestMasterTransitions.testKillRSWithOpeningRegion2482,8.220570028169
isolated,org.apache.hadoop.hbase.master.TestMasterTransitions.testRegionCloseWhenNoMetaHBase2428,14.122669690396
isolated,org.apache.hadoop.hbase.master.TestMasterWithDisabling.testDisableBetweenSplit,25.281154906435
isolated,org.apache.hadoop.hbase.master.TestMinimumServerCount.testMinimumServerCount,123.04374024079
isolated,org.apache.hadoop.hbase.master.TestRegionManager.testGetFirstMetaRegionForRegionAfterMetaSplit,116.38276591055
isolated,org.apache.hadoop.hbase.regionserver.TestCompaction.testCompaction,98.964362394015
isolated,org.apache.hadoop.hbase.regionserver.TestCompaction.testMajorCompactingToNoOutput,114.53848023093
isolated,org.apache.hadoop.hbase.regionserver.TestGetClosestAtOrBefore.testGetClosestRowBefore2,118.91271802802
isolated,org.apache.hadoop.hbase.regionserver.TestGetClosestAtOrBefore.testGetClosestRowBefore3,111.1742925498
isolated,org.apache.hadoop.hbase.regionserver.TestGetClosestAtOrBefore.testUsingMetaAndBinary,109.18699505366
isolated,org.apache.hadoop.hbase.regionserver.TestGetDeleteTracker.testIsDeleted_NotDeleted,0.068834100000001
isolated,org.apache.hadoop.hbase.regionserver.TestHRegion.testWritesWhileGetting,1.343379
isolated,org.apache.hadoop.hbase.regionserver.TestScanner.testFilters,104.03244669045
isolated,org.apache.hadoop.hbase.regionserver.TestScanner.testRaceBetweenClientAndTimeout,106.6731533346
isolated,org.apache.hadoop.hbase.regionserver.TestScanner.testScanAndRealConcurrentFlush,121.71642729038
isolated,org.apache.hadoop.hbase.regionserver.TestScanner.testScanAndSyncFlush,107.64294499255
isolated,org.apache.hadoop.hbase.regionserver.TestScanner.testScanner,113.86845530773
isolated,org.apache.hadoop.hbase.regionserver.TestScanner.testStopRow,105.97314693728
isolated,org.apache.hadoop.hbase.regionserver.TestStoreFile.testBasicHalfMapFile,117.5587746902
isolated,org.apache.hadoop.hbase.regionserver.TestStoreFile.testReference,118.78277372936
isolated,org.apache.hadoop.hbase.regionserver.TestStoreReconstruction.runReconstructionLog,120.24206050405
isolated,org.apache.hadoop.hbase.regionserver.TestWideScanner.testWideScanBatching,114.71242886537
isolated,org.apache.hadoop.hbase.regionserver.wal.TestHLog.testAppend,108.91325096744
isolated,org.apache.hadoop.hbase.regionserver.wal.TestHLog.testEditAdd,118.66480915168
isolated,org.apache.hadoop.hbase.regionserver.wal.TestHLog.testFindMemstoresWithEditsOlderThan,121.77035031556
isolated,org.apache.hadoop.hbase.regionserver.wal.TestHLog.testSplit,119.56982586511
isolated,org.apache.hadoop.hbase.regionserver.wal.TestLogRolling.testLogRollOnDatanodeDeath,110.90467087772
isolated,org.apache.hadoop.hbase.stargate.Test00MiniCluster.testDFSMiniCluster,112.10125361989
isolated,org.apache.hadoop.hbase.stargate.Test00MiniCluster.testHBaseMiniCluster,111.29083753527
isolated,org.apache.hadoop.hbase.stargate.Test00MiniCluster.testStargateServlet,117.69865196435
isolated,org.apache.hadoop.hbase.stargate.Test00MiniCluster.testZooKeeperMiniCluster,126.7840918451
isolated,org.apache.hadoop.hbase.stargate.TestRowResource.testDelete,112.68722468724
isolated,org.apache.hadoop.hbase.stargate.TestRowResource.testMultiCellGetPutPB,114.08688742384
isolated,org.apache.hadoop.hbase.stargate.TestRowResource.testMultiCellGetPutXML,109.8482838
isolated,org.apache.hadoop.hbase.stargate.TestRowResource.testSingleCellGetJSON,105.37597099736
isolated,org.apache.hadoop.hbase.stargate.TestRowResource.testSingleCellGetPutBinary,122.35553304846
isolated,org.apache.hadoop.hbase.stargate.TestRowResource.testSingleCellGetPutPB,113.86477484769
isolated,org.apache.hadoop.hbase.stargate.TestRowResource.testSingleCellGetPutXML,100.68016918076
isolated,org.apache.hadoop.hbase.stargate.TestRowResource.testURLEncodedKey,122.7458021838
isolated,org.apache.hadoop.hbase.stargate.TestScannerResource.testFullTableScan,119.56884950441
isolated,org.apache.hadoop.hbase.stargate.TestScannerResource.testSimpleScannerBinary,112.50742516821
isolated,org.apache.hadoop.hbase.stargate.TestScannerResource.testSimpleScannerPB,113.6235681
isolated,org.apache.hadoop.hbase.stargate.TestScannerResource.testSimpleScannerXML,120.72276386616
isolated,org.apache.hadoop.hbase.stargate.TestScannersWithFilters.testFilterList,114.72054910877
isolated,org.apache.hadoop.hbase.stargate.TestScannersWithFilters.testFirstKeyOnlyFilter,110.05026563416
isolated,org.apache.hadoop.hbase.stargate.TestScannersWithFilters.testInclusiveStopFilter,113.03423813421
isolated,org.apache.hadoop.hbase.stargate.TestScannersWithFilters.testNoFilter,120.23229313797
isolated,org.apache.hadoop.hbase.stargate.TestScannersWithFilters.testPageFilter,109.59156065842
isolated,org.apache.hadoop.hbase.stargate.TestScannersWithFilters.testPrefixFilter,113.10393377001
isolated,org.apache.hadoop.hbase.stargate.TestScannersWithFilters.testQualifierFilter,110.6447751
isolated,org.apache.hadoop.hbase.stargate.TestScannersWithFilters.testRowFilter,118.00637381646
isolated,org.apache.hadoop.hbase.stargate.TestScannersWithFilters.testSkipFilter,112.26716621179
isolated,org.apache.hadoop.hbase.stargate.TestScannersWithFilters.testValueFilter,93.757888064677
isolated,org.apache.hadoop.hbase.stargate.TestSchemaResource.testTableCreateAndDeletePB,114.7528715755
isolated,org.apache.hadoop.hbase.stargate.TestSchemaResource.testTableCreateAndDeleteXML,117.63223869324
isolated,org.apache.hadoop.hbase.stargate.TestStatusResource.testGetClusterStatusPB,113.82012796425
isolated,org.apache.hadoop.hbase.stargate.TestStatusResource.testGetClusterStatusXML,112.81636402511
isolated,org.apache.hadoop.hbase.stargate.TestTableResource.testTableListJSON,110.1688048
isolated,org.apache.hadoop.hbase.stargate.TestTableResource.testTableListPB,116.16666891031
isolated,org.apache.hadoop.hbase.stargate.TestTableResource.testTableListText,96.3887978
isolated,org.apache.hadoop.hbase.stargate.TestTableResource.testTableListXML,123.85655685025
isolated,org.apache.hadoop.hbase.stargate.TestVersionResource.testGetStargateVersionJSON,116.6035217
isolated,org.apache.hadoop.hbase.stargate.TestVersionResource.testGetStargateVersionPB,115.40958680619
isolated,org.apache.hadoop.hbase.stargate.TestVersionResource.testGetStargateVersionText,113.45218102429
isolated,org.apache.hadoop.hbase.stargate.TestVersionResource.testGetStargateVersionXML,123.62976428831
isolated,org.apache.hadoop.hbase.stargate.TestVersionResource.testGetStorageClusterVersionJSON,114.7449621509
isolated,org.apache.hadoop.hbase.stargate.TestVersionResource.testGetStorageClusterVersionText,120.67323499454
isolated,org.apache.hadoop.hbase.stargate.TestVersionResource.testGetStorageClusterVersionXML,115.25160140178
isolated,org.apache.hadoop.hbase.stargate.auth.TestHTableAuthenticator.testGetAdminUser,110.79835279142
isolated,org.apache.hadoop.hbase.stargate.auth.TestHTableAuthenticator.testGetDisabledUser,123.1990954719
isolated,org.apache.hadoop.hbase.stargate.auth.TestHTableAuthenticator.testGetPlainUser,121.27383350005
isolated,org.apache.hadoop.hbase.stargate.auth.TestHTableAuthenticator.testGetUserUnknown,107.10213285548
isolated,org.apache.hadoop.hbase.stargate.auth.TestZooKeeperAuthenticator.testGetAdminUser,119.61324072052
isolated,org.apache.hadoop.hbase.stargate.auth.TestZooKeeperAuthenticator.testGetDisabledUser,121.1231981613
isolated,org.apache.hadoop.hbase.stargate.auth.TestZooKeeperAuthenticator.testGetPlainUser,124.6301894229
isolated,org.apache.hadoop.hbase.stargate.auth.TestZooKeeperAuthenticator.testGetUserUnknown,114.17550732417
isolated,org.apache.hadoop.hbase.stargate.client.TestRemoteAdmin.testCreateTable,119.9689908
isolated,org.apache.hadoop.hbase.stargate.client.TestRemoteAdmin.testDeleteTable,123.40158456217
isolated,org.apache.hadoop.hbase.stargate.client.TestRemoteTable.testDelete,122.54236063781
isolated,org.apache.hadoop.hbase.stargate.client.TestRemoteTable.testGet,118.47421431169
isolated,org.apache.hadoop.hbase.stargate.client.TestRemoteTable.testGetTableDescriptor,107.77327917766
isolated,org.apache.hadoop.hbase.stargate.client.TestRemoteTable.testPut,113.7003547
isolated,org.apache.hadoop.hbase.stargate.client.TestRemoteTable.testScanner,116.7513265733
isolated,org.apache.hadoop.hbase.stargate.util.TestHTableTokenBucket.testTokenBucket,124.49882258065
isolated,org.apache.hadoop.hbase.stargate.util.TestHTableTokenBucket.testTokenBucketConfig,116.59082345576
isolated,org.apache.hadoop.hbase.thrift.TestThriftServer.testAll,123.49627205749
isolated,org.apache.hadoop.hbase.util.TestMergeTool.testMergeTool,114.80883099624
isolated,org.apache.http.impl.nio.reactor.TestDefaultIOReactors.testGracefulShutdown,0.0865445
isolated,org.apache.http.impl.pool.TestBasicConnPool.testHttpCreateConnection,0.2992173
isolated,org.apache.http.nio.protocol.TestAsyncNHttpHandlers.testDelayedHttpException,0.57679570000001
isolated,org.apache.http.nio.protocol.TestAsyncNHttpHandlers.testDelayedHttpGets,0.58071730000001
isolated,org.apache.http.nio.protocol.TestAsyncNHttpHandlers.testHttpException,0.1719861
isolated,org.apache.http.nio.protocol.TestAsyncNHttpHandlers.testHttpPostWithNoEntities,0.1138322
isolated,org.apache.http.nio.protocol.TestAsyncNHttpHandlers.testHttpPostsChunked,0.2650363
isolated,org.apache.http.nio.protocol.TestAsyncNHttpHandlers.testNoRequestHandler,0.084094299999999
isolated,org.apache.http.nio.protocol.TestAsyncNHttpHandlers.testNoServiceHandler,0.0823017
isolated,org.apache.http.nio.protocol.TestBufferingNHttpHandlers.testHttpPostsChunked,0.2657823
isolated,org.apache.http.nio.protocol.TestBufferingNHttpHandlers.testHttpPostsHTTP10,0.2469608
isolated,org.apache.http.nio.protocol.TestBufferingNHttpHandlers.testHttpPostsWithExpectContinue,0.2310514
isolated,org.apache.http.nio.protocol.TestNIOSSLHttp.testHttpPostsWithContentLength,0.8063027
isolated,org.apache.http.nio.protocol.TestThrottlingNHttpHandlers.testInputThrottling,0.9916733
isolated,org.apache.http.nio.protocol.TestThrottlingNHttpHandlers.testSimpleHttpGets,0.2056874
isolated,org.apache.http.nio.protocol.TestThrottlingNHttpHandlers.testSimpleHttpPostsChunked,0.290948
isolated,org.apache.http.nio.protocol.TestThrottlingNHttpHandlers.testSimpleHttpPostsHTTP10,0.2674046
isolated,org.apache.http.pool.TestConnPool.testCloseExpired,0.2843609
isolated,org.apache.http.pool.TestConnPool.testCloseIdle,0.2834328
isolated,org.apache.http.pool.TestConnPool.testCreateNewIfExpired,0.2838082
isolated,org.apache.http.pool.TestConnPool.testLeaseTimeout,0.70585020000003
isolated,org.apache.http.pool.TestConnPool.testStatefulConnectionRedistributionOnPerRouteMaxLimit,0.086328999999999
isolated,info.archinnov.achilles.internal.statement.wrapper.RegularStatementWrapperTest.should_trace_query,0.0527995
isolated,info.archinnov.achilles.test.integration.tests.ClusteredEntityIT.should_persist_with_ttl,13.0862691
isolated,info.archinnov.achilles.test.integration.tests.ClusteredEntityIT.should_update_with_ttl,13.0826621
isolated,info.archinnov.achilles.test.integration.tests.SecondaryIndexIT.should_return_entities_for_indexed_query,12.1066865
isolated,io.elasticjob.lite.event.rdb.JobEventRdbSearchTest.assertFindJobExecutionEventsWithTime,0.019700499999999
isolated,io.elasticjob.lite.event.rdb.JobEventRdbSearchTest.assertFindJobStatusTraceEventsWithTime,0.0190244
isolated,io.elasticjob.lite.reg.zookeeper.ZookeeperRegistryCenterQueryWithoutCacheTest.assertGetRegistryCenterTime,0.0237353
isolated,me.prettyprint.cassandra.dao.SimpleCassandraDaoTest.testInsertGetDelete,0.2345319
isolated,me.prettyprint.cassandra.examples.ExampleDaoV2Test.testInsertGetDelete,0.0846668
isolated,me.prettyprint.cassandra.examples.ExampleDaoV2Test.testMultiInsertGetDelete,0.090619700000001
isolated,me.prettyprint.cassandra.model.MultigetCountQueryTest.testMultigetCount,0.0832116
isolated,me.prettyprint.cassandra.model.MutatorTest.testBatchMutationManagement,0.089024900000001
isolated,me.prettyprint.cassandra.model.MutatorTest.testInsert,0.0762422
isolated,me.prettyprint.cassandra.model.MutatorTest.testRowDeletion,0.0846568
isolated,me.prettyprint.cassandra.model.MutatorTest.testSubDelete,0.0818915
isolated,me.prettyprint.cassandra.service.CassandraAuthTest.testInsertAndGetAndRemove,0.3023111
isolated,me.prettyprint.cassandra.service.KeyspaceTest.testBatchMutate,0.2095428
isolated,me.prettyprint.cassandra.service.KeyspaceTest.testBatchMutateBatchMutation,0.2098727
isolated,me.prettyprint.cassandra.service.KeyspaceTest.testBatchUpdateInsertAndDelOnSame,0.1639278
isolated,me.prettyprint.cassandra.service.KeyspaceTest.testGetSlice,0.1312337
isolated,me.prettyprint.cassandra.service.KeyspaceTest.testGetSuperSlice,0.1712832
isolated,me.prettyprint.cassandra.service.KeyspaceTest.testInsertAndGetAndRemove,0.2565446
isolated,me.prettyprint.cassandra.service.KeyspaceTest.testInsertSuper,0.074943400000001
isolated,me.prettyprint.cassandra.service.KeyspaceTest.testMultigetCount,0.1809893
isolated,me.prettyprint.cassandra.service.KeyspaceTest.testMultigetSlice,0.1788741
isolated,me.prettyprint.cassandra.utils.TimeUUIDUtilsTest.testTimeUUIDWithClockResolution,0.0062904000000002
isolated,me.prettyprint.hector.api.ApiV2SystemTest.testBatchInsertGetRemove,0.092611300000001
isolated,me.prettyprint.hector.api.ApiV2SystemTest.testCountQuery,0.0851206
isolated,me.prettyprint.hector.api.ApiV2SystemTest.testInsertGetRemove,0.0810182
isolated,me.prettyprint.hector.api.ApiV2SystemTest.testMultigetSliceQuery,0.091358800000001
isolated,me.prettyprint.hector.api.ApiV2SystemTest.testMultigetSubSliceQuery,0.088690500000001
isolated,me.prettyprint.hector.api.ApiV2SystemTest.testMultigetSuperSliceQuery,0.0884353
isolated,me.prettyprint.hector.api.ApiV2SystemTest.testSliceQuery,0.087599500000001
isolated,me.prettyprint.hector.api.ApiV2SystemTest.testSubColumnQuery,0.0855369
isolated,me.prettyprint.hector.api.ApiV2SystemTest.testSubCountQuery,0.0839867
isolated,me.prettyprint.hector.api.ApiV2SystemTest.testSubSliceQuery,0.090364100000001
isolated,me.prettyprint.hector.api.ApiV2SystemTest.testSuperCountQuery,0.087410300000001
isolated,me.prettyprint.hector.api.ApiV2SystemTest.testSuperInsertGetRemove,0.0829363
isolated,me.prettyprint.hector.api.ApiV2SystemTest.testSuperSliceQuery,0.088382000000001
isolated,me.prettyprint.hom.EntityManagerFactoryTest.testCreateEntityManager,0.062118899999999
isolated,com.github.jknack.handlebars.HumanizeHelperTest.naturalTime,1.0962441
isolated,org.assertj.core.api.date.DateAssert_with_string_based_date_representation_Test.date_assertion_should_support_timestamp_string_representation,0.1126094
isolated,com.github.kevinsawicki.http.HttpRequestTest.basicProxyAuthentication,0.2315144
isolated,com.github.kevinsawicki.http.HttpRequestTest.deleteWithMappedQueryParams,0.078922200000001
isolated,com.github.kevinsawicki.http.HttpRequestTest.deleteWithVarargsQueryParams,0.078951700000002
isolated,com.github.kevinsawicki.http.HttpRequestTest.getUrlEncodedWithPercent,0.080022600000001
isolated,com.github.kevinsawicki.http.HttpRequestTest.getUrlEncodedWithSpace,0.078767600000001
isolated,com.github.kevinsawicki.http.HttpRequestTest.getUrlEncodedWithUnicode,0.0863528
isolated,com.github.kevinsawicki.http.HttpRequestTest.getWithEscapedMappedQueryParams,0.080482200000001
isolated,com.github.kevinsawicki.http.HttpRequestTest.getWithEscapedVarargsQueryParams,0.080504300000001
isolated,com.github.kevinsawicki.http.HttpRequestTest.getWithMappedQueryParams,0.079025200000001
isolated,com.github.kevinsawicki.http.HttpRequestTest.getWithVarargsQueryParams,0.079278600000002
isolated,com.github.kevinsawicki.http.HttpRequestTest.postWithEscapedMappedQueryParams,0.081654400000001
isolated,com.github.kevinsawicki.http.HttpRequestTest.postWithEscapedVarargsQueryParams,0.080148700000002
isolated,com.github.kevinsawicki.http.HttpRequestTest.postWithMappedQueryParams,0.078421400000001
isolated,com.github.kevinsawicki.http.HttpRequestTest.postWithNumericQueryParams,0.078690600000001
isolated,com.github.kevinsawicki.http.HttpRequestTest.postWithVaragsQueryParams,0.079381300000001
isolated,com.github.kevinsawicki.http.HttpRequestTest.singleSslSocketFactory,0.1951915
isolated,com.github.kevinsawicki.http.HttpRequestTest.singleVerifier,0.1942346
isolated,com.github.kevinsawicki.http.HttpRequestTest.verifierAccepts,0.1941953
isolated,controllers.ApplicationControllerTest.testThatHomepageWorks,5.666622
isolated,com.ea.orbit.actors.test.DeactivationTest.cleanupTest,0.3941877
isolated,com.ea.orbit.actors.test.DeactivationTest.statelessWorkerDeactivationTest,0.5108222
isolated,com.ea.orbit.actors.test.LifeCycleTest.deactivationTest,0.4127985
isolated,com.ea.orbit.actors.test.ObserverTest.observerGarbageCollection,0.401214
isolated,com.ea.orbit.actors.test.ReminderTest.persistedTimerTest,0.4662272
isolated,com.ea.orbit.actors.test.StatelessActorTest.statelessTest,0.572429
isolated,com.ea.orbit.actors.test.TimerTest.timerTest,0.4249788
isolated,ch.qos.logback.classic.net.SMTPAppender_GreenTest.LBCLASSIC_104,0.1729008
isolated,ch.qos.logback.classic.net.SMTPAppender_GreenTest.synchronousSmoke,0.168473
isolated,ch.qos.logback.classic.net.SMTPAppender_GreenTest.testCustomBufferSize,0.2279788
isolated,ch.qos.logback.classic.net.SMTPAppender_GreenTest.testCustomEvaluator,0.2298046
isolated,ch.qos.logback.classic.net.SyslogAppenderTest.basic,0.1340532
isolated,ch.qos.logback.classic.pattern.ConverterTest.testRelativeTime,0.0072449999999999
isolated,ch.qos.logback.classic.rolling.UniqueFileTest.basic,0.1070174
isolated,ch.qos.logback.classic.sift.MDCBasedDiscriminatorTest.nullMDC,0.0048822000000002
isolated,ch.qos.logback.classic.spi.PackagingDataCalculatorTest.perfTest,0.22763460000001
isolated,ch.qos.logback.classic.turbo.ReconfigureOnChangeTest.fallbackToSafe,0.0748894
isolated,ch.qos.logback.classic.turbo.ReconfigureOnChangeTest.fallbackToSafeWithIncludedFile,0.0793273
isolated,ch.qos.logback.classic.turbo.ReconfigureOnChangeTest.gafferInstallFilter,0.4821188
isolated,ch.qos.logback.classic.turbo.ReconfigureOnChangeTest.scan_LOGBACK_474,0.3776246
isolated,ch.qos.logback.core.AsyncAppenderBaseTest.workerShouldStopEvenIfInterruptExceptionConsumedWithinSubappender,0.024906299999999
isolated,ch.qos.logback.core.FileAppenderResilienceTest.smoke,0.2206452
isolated,ch.qos.logback.core.net.DefaultSocketConnectorTest.testConnect,0.0141265
isolated,ch.qos.logback.core.net.DefaultSocketConnectorTest.testConnectEventually,0.024753300000001
isolated,ch.qos.logback.core.net.DefaultSocketConnectorTest.testConnectionFails,0.016724799999999
isolated,ch.qos.logback.core.net.server.ServerSocketAppenderBaseFunctionalTest.testLogEventClient,0.0602456
isolated,ch.qos.logback.core.net.server.ServerSocketListenerTest.testAcceptClient,0.013364000000001
isolated,ch.qos.logback.core.recovery.RecoveryCoordinatorTest.actualTime,0.041685099999993
isolated,ch.qos.logback.core.recovery.ResilientOutputStreamTest.verifyRecuperationAfterFailure,0.0055057000000005
isolated,ch.qos.logback.core.rolling.TimeBasedRollingTest.withMissingTargetDirWithCompression,0.0356625
isolated,ch.qos.logback.core.rolling.TimeBasedRollingTest.withMissingTargetDirWithZipCompression,0.0362583
isolated,ch.qos.logback.core.rolling.TimeBasedRollingWithArchiveRemoval_Test.dailyRolloverWithInactivity10,0.048889600000001
isolated,ch.qos.logback.core.util.FileUtilTest.basicCopyingWorks,0.0055714000000006
isolated,org.springframework.boot.actuate.autoconfigure.EndpointWebMvcAutoConfigurationTests.disabled,0.8769309
isolated,org.springframework.boot.actuate.autoconfigure.EndpointWebMvcAutoConfigurationTests.portPropertiesOnSamePort,0.9208379
isolated,org.springframework.boot.actuate.metrics.repository.redis.RedisMetricRepositoryTests.count,0
isolated,org.springframework.boot.actuate.metrics.repository.redis.RedisMetricRepositoryTests.findAll,0
isolated,org.springframework.boot.actuate.metrics.repository.redis.RedisMetricRepositoryTests.findOneWithAll,0
isolated,org.springframework.boot.actuate.metrics.repository.redis.RedisMetricRepositoryTests.incrementAndGet,0
isolated,org.springframework.boot.actuate.metrics.repository.redis.RedisMetricRepositoryTests.setAndGet,0
isolated,org.springframework.boot.actuate.metrics.repository.redis.RedisMetricRepositoryTests.setIncrementAndGet,0
isolated,org.springframework.boot.actuate.metrics.repository.redis.RedisMultiMetricRepositoryTests.count[0],0
isolated,org.springframework.boot.actuate.metrics.repository.redis.RedisMultiMetricRepositoryTests.count[1],0
isolated,org.springframework.boot.actuate.metrics.repository.redis.RedisMultiMetricRepositoryTests.groups[0],0
isolated,org.springframework.boot.actuate.metrics.repository.redis.RedisMultiMetricRepositoryTests.groups[1],0
isolated,org.springframework.boot.actuate.metrics.repository.redis.RedisMultiMetricRepositoryTests.increment[0],0
isolated,org.springframework.boot.actuate.metrics.repository.redis.RedisMultiMetricRepositoryTests.increment[1],0
isolated,org.springframework.boot.actuate.metrics.repository.redis.RedisMultiMetricRepositoryTests.setAndGetMultiple[0],0
isolated,org.springframework.boot.actuate.metrics.repository.redis.RedisMultiMetricRepositoryTests.setAndGetMultiple[1],0
isolated,org.springframework.boot.actuate.metrics.repository.redis.RedisMultiMetricRepositoryTests.setAndGet[0],0
isolated,org.springframework.boot.actuate.metrics.repository.redis.RedisMultiMetricRepositoryTests.setAndGet[1],0
isolated,org.springframework.boot.autoconfigure.jms.hornetq.HornetQAutoConfigurationTests.embeddedWithPersistentMode,0.15932093826711
isolated,org.springframework.boot.autoconfigure.jta.JtaAutoConfigurationTests.defaultAtomikosTransactionManagerName,0.5588425
isolated,org.springframework.boot.autoconfigure.jta.JtaAutoConfigurationTests.defaultBitronixServerId,0.97862642058368
isolated,org.springframework.boot.autoconfigure.liquibase.LiquibaseAutoConfigurationTests.testDefaultSpringLiquibase,1.3628373488499
isolated,org.springframework.boot.autoconfigure.liquibase.LiquibaseAutoConfigurationTests.testOverrideChangeLog,1.4264201
isolated,org.springframework.boot.autoconfigure.liquibase.LiquibaseAutoConfigurationTests.testOverrideContexts,1.3660901
isolated,org.springframework.boot.autoconfigure.liquibase.LiquibaseAutoConfigurationTests.testOverrideDataSource,1.4102537
isolated,org.springframework.boot.autoconfigure.liquibase.LiquibaseAutoConfigurationTests.testOverrideDefaultSchema,1.3564108
isolated,org.springframework.boot.autoconfigure.liquibase.LiquibaseAutoConfigurationTests.testOverrideDropFirst,1.4295866
isolated,org.springframework.boot.autoconfigure.orm.jpa.HibernateJpaAutoConfigurationTests.testLiquibasePlusValidation,2.120996
isolated,org.springframework.boot.cli.ClassLoaderIntegrationTests.runWithIsolatedClassLoader,1.4815962
isolated,org.springframework.boot.cli.DirectorySourcesIntegrationTests.runDirectory,1.3417354
isolated,org.springframework.boot.cli.DirectorySourcesIntegrationTests.runDirectoryRecursive,1.5174442
isolated,org.springframework.boot.cli.DirectorySourcesIntegrationTests.runPathPattern,1.4504663
isolated,org.springframework.boot.cli.GrabCommandIntegrationTests.customMetadata,1.159013
isolated,org.springframework.boot.cli.JarCommandIT.jarCreation,1.4753645
isolated,org.springframework.boot.cli.JarCommandIT.jarCreationWithGrabResolver,2.1049093
isolated,org.springframework.boot.cli.JarCommandIT.jarCreationWithIncludes,1.3778497
isolated,org.springframework.boot.cli.ReproIntegrationTests.dataJpaDependencies,2.1629645
isolated,org.springframework.boot.cli.ReproIntegrationTests.grabAntBuilder,1.7852266
isolated,org.springframework.boot.cli.ReproIntegrationTests.securityDependencies,1.8886442
isolated,org.springframework.boot.cli.ReproIntegrationTests.shellDependencies,1.922071
isolated,org.springframework.boot.cli.SampleIntegrationTests.actuatorSample,1.9719875
isolated,org.springframework.boot.cli.SampleIntegrationTests.appSample,1.4770786
isolated,org.springframework.boot.cli.SampleIntegrationTests.beansSample,1.7460725
isolated,org.springframework.boot.cli.SampleIntegrationTests.caching,1.6401618
isolated,org.springframework.boot.cli.SampleIntegrationTests.deviceSample,1.8895119
isolated,org.springframework.boot.cli.SampleIntegrationTests.httpSample,1.7473449
isolated,org.springframework.boot.cli.SampleIntegrationTests.integrationSample,1.806075
isolated,org.springframework.boot.cli.SampleIntegrationTests.jmsSample,2.9404262
isolated,org.springframework.boot.cli.SampleIntegrationTests.jobSample,2.0840174
isolated,org.springframework.boot.cli.SampleIntegrationTests.jobWebSample,2.0256627
isolated,org.springframework.boot.cli.SampleIntegrationTests.reactorSample,1.5679561
isolated,org.springframework.boot.cli.SampleIntegrationTests.templateSample,1.4261303
isolated,org.springframework.boot.cli.SampleIntegrationTests.txSample,2.0522604
isolated,org.springframework.boot.cli.SampleIntegrationTests.uiSample,1.8686391
isolated,org.springframework.boot.cli.SampleIntegrationTests.webSample,1.6780971
isolated,org.springframework.boot.cli.SampleIntegrationTests.xmlSample,1.4705149
isolated,org.springframework.boot.cli.TestCommandIntegrationTests.integrationAutoConfigEmbeddedTest,1.8633401
isolated,org.springframework.boot.cli.TestCommandIntegrationTests.integrationAutoConfigTest,1.93671
isolated,org.springframework.boot.cli.TestCommandIntegrationTests.integrationTest,1.9175741
isolated,org.springframework.boot.cli.command.CommandRunnerIntegrationTests.debugAddsAutoconfigReport,1.4249799
isolated,org.springframework.boot.gradle.ClassifierTests.classifierInBootExtension,0.3664644
isolated,org.springframework.boot.gradle.ClassifierTests.classifierInBootTask,0.3662806
isolated,org.springframework.boot.gradle.CustomVersionManagementTests.exclusionsAreStillInPlace,0.3227571
isolated,org.springframework.boot.gradle.FlatdirTests.flatdir,0.3651972
isolated,org.springframework.boot.gradle.InstallTests.cleanInstall,0.3657278
isolated,org.springframework.boot.gradle.InstallTests.cleanInstallApp,0.3665167
isolated,org.springframework.boot.gradle.InstallTests.cleanInstallVersionManagement,0.3651769
isolated,org.springframework.boot.gradle.MainClassTests.buildFromRunTask,0.3219772
isolated,org.springframework.boot.gradle.MultiProjectRepackagingTests.repackageWithCommonFileDependency,0.3671723
isolated,org.springframework.boot.gradle.MultiProjectRepackagingTests.repackageWithTransitiveFileDependency,0.3676165
isolated,org.springframework.boot.gradle.NoJarTests.nojar,0.383674
isolated,org.springframework.boot.gradle.RepackagingTests.repackageWithFileDependency,0.3244339
isolated,org.springframework.boot.gradle.RepackagingTests.repackagingDisabled,0.3263986
isolated,org.springframework.boot.gradle.RepackagingTests.repackagingDisabledWithCustomRepackagedJar,0.3243174
isolated,org.springframework.boot.gradle.RepackagingTests.repackagingDisabledWithCustomRepackagedJarUsingStringJarTaskReference,0.3232936
isolated,org.springframework.boot.gradle.RepackagingTests.repackagingEnableWithCustomRepackagedJarUsingStringJarTaskReference,0.3266813
isolated,org.springframework.boot.gradle.RepackagingTests.repackagingEnabled,0.3245766
isolated,org.springframework.boot.gradle.RepackagingTests.repackagingEnabledWithCustomRepackagedJar,0.3217823
isolated,org.springframework.boot.gradle.SpringLoadedTests.defaultJvmArgsArePreservedWhenLoadedAgentIsConfigured,0.3662227
isolated,org.springframework.boot.gradle.SpringLoadedTests.springLoadedCanBeUsedWithGradle16,0.2702078
isolated,org.springframework.boot.gradle.WarPackagingTests.onlyJettyIsPackackedInWebInfLibProvided,0.3231881
isolated,org.springframework.boot.gradle.WarPackagingTests.onlyTomcatIsPackackedInWebInfLibProvided,0.3241973
isolated,org.springframework.boot.starter.StarterDependenciesIntegrationTests.commonsLoggingIsNotATransitiveDependency[0],0.3330669
isolated,org.springframework.boot.starter.StarterDependenciesIntegrationTests.commonsLoggingIsNotATransitiveDependency[10],0.3368952
isolated,org.springframework.boot.starter.StarterDependenciesIntegrationTests.commonsLoggingIsNotATransitiveDependency[11],0.3356989
isolated,org.springframework.boot.starter.StarterDependenciesIntegrationTests.commonsLoggingIsNotATransitiveDependency[12],0.336542
isolated,org.springframework.boot.starter.StarterDependenciesIntegrationTests.commonsLoggingIsNotATransitiveDependency[13],0.3358704
isolated,org.springframework.boot.starter.StarterDependenciesIntegrationTests.commonsLoggingIsNotATransitiveDependency[14],0.3359465
isolated,org.springframework.boot.starter.StarterDependenciesIntegrationTests.commonsLoggingIsNotATransitiveDependency[15],0.3370475
isolated,org.springframework.boot.starter.StarterDependenciesIntegrationTests.commonsLoggingIsNotATransitiveDependency[16],0.3332461
isolated,org.springframework.boot.starter.StarterDependenciesIntegrationTests.commonsLoggingIsNotATransitiveDependency[17],0.3327667
isolated,org.springframework.boot.starter.StarterDependenciesIntegrationTests.commonsLoggingIsNotATransitiveDependency[18],0.334326
isolated,org.springframework.boot.starter.StarterDependenciesIntegrationTests.commonsLoggingIsNotATransitiveDependency[19],0.333272
isolated,org.springframework.boot.starter.StarterDependenciesIntegrationTests.commonsLoggingIsNotATransitiveDependency[1],0.3346315
isolated,org.springframework.boot.starter.StarterDependenciesIntegrationTests.commonsLoggingIsNotATransitiveDependency[20],0.3363127
isolated,org.springframework.boot.starter.StarterDependenciesIntegrationTests.commonsLoggingIsNotATransitiveDependency[21],0.3361784
isolated,org.springframework.boot.starter.StarterDependenciesIntegrationTests.commonsLoggingIsNotATransitiveDependency[22],0.3329085
isolated,org.springframework.boot.starter.StarterDependenciesIntegrationTests.commonsLoggingIsNotATransitiveDependency[23],0.3393122
isolated,org.springframework.boot.starter.StarterDependenciesIntegrationTests.commonsLoggingIsNotATransitiveDependency[24],0.3340542
isolated,org.springframework.boot.starter.StarterDependenciesIntegrationTests.commonsLoggingIsNotATransitiveDependency[25],0.3387231
isolated,org.springframework.boot.starter.StarterDependenciesIntegrationTests.commonsLoggingIsNotATransitiveDependency[26],0.3345726
isolated,org.springframework.boot.starter.StarterDependenciesIntegrationTests.commonsLoggingIsNotATransitiveDependency[27],0.3332868
isolated,org.springframework.boot.starter.StarterDependenciesIntegrationTests.commonsLoggingIsNotATransitiveDependency[28],0.3315246
isolated,org.springframework.boot.starter.StarterDependenciesIntegrationTests.commonsLoggingIsNotATransitiveDependency[29],0.3343054
isolated,org.springframework.boot.starter.StarterDependenciesIntegrationTests.commonsLoggingIsNotATransitiveDependency[2],0.3336966
isolated,org.springframework.boot.starter.StarterDependenciesIntegrationTests.commonsLoggingIsNotATransitiveDependency[30],0.3355224
isolated,org.springframework.boot.starter.StarterDependenciesIntegrationTests.commonsLoggingIsNotATransitiveDependency[31],0.3198386
isolated,org.springframework.boot.starter.StarterDependenciesIntegrationTests.commonsLoggingIsNotATransitiveDependency[32],0.3189829
isolated,org.springframework.boot.starter.StarterDependenciesIntegrationTests.commonsLoggingIsNotATransitiveDependency[33],0.3259929
isolated,org.springframework.boot.starter.StarterDependenciesIntegrationTests.commonsLoggingIsNotATransitiveDependency[34],0.3247012
isolated,org.springframework.boot.starter.StarterDependenciesIntegrationTests.commonsLoggingIsNotATransitiveDependency[35],0.3202163
isolated,org.springframework.boot.starter.StarterDependenciesIntegrationTests.commonsLoggingIsNotATransitiveDependency[36],0.3213661
isolated,org.springframework.boot.starter.StarterDependenciesIntegrationTests.commonsLoggingIsNotATransitiveDependency[37],0.3239416
isolated,org.springframework.boot.starter.StarterDependenciesIntegrationTests.commonsLoggingIsNotATransitiveDependency[38],0.3204209
isolated,org.springframework.boot.starter.StarterDependenciesIntegrationTests.commonsLoggingIsNotATransitiveDependency[3],0.3352634
isolated,org.springframework.boot.starter.StarterDependenciesIntegrationTests.commonsLoggingIsNotATransitiveDependency[4],0.3341101
isolated,org.springframework.boot.starter.StarterDependenciesIntegrationTests.commonsLoggingIsNotATransitiveDependency[5],0.3358707
isolated,org.springframework.boot.starter.StarterDependenciesIntegrationTests.commonsLoggingIsNotATransitiveDependency[6],0.334429
isolated,org.springframework.boot.starter.StarterDependenciesIntegrationTests.commonsLoggingIsNotATransitiveDependency[7],0.3341623
isolated,org.springframework.boot.starter.StarterDependenciesIntegrationTests.commonsLoggingIsNotATransitiveDependency[8],0.3347194
isolated,org.springframework.boot.starter.StarterDependenciesIntegrationTests.commonsLoggingIsNotATransitiveDependency[9],0.3361656
isolated,org.springframework.boot.starter.StarterDependenciesIntegrationTests.oldSpringModulesAreNotTransitiveDependencies[0],0.336804
isolated,org.springframework.boot.starter.StarterDependenciesIntegrationTests.oldSpringModulesAreNotTransitiveDependencies[10],0.336086
isolated,org.springframework.boot.starter.StarterDependenciesIntegrationTests.oldSpringModulesAreNotTransitiveDependencies[11],0.3351539
isolated,org.springframework.boot.starter.StarterDependenciesIntegrationTests.oldSpringModulesAreNotTransitiveDependencies[12],0.336674
isolated,org.springframework.boot.starter.StarterDependenciesIntegrationTests.oldSpringModulesAreNotTransitiveDependencies[13],0.3359382
isolated,org.springframework.boot.starter.StarterDependenciesIntegrationTests.oldSpringModulesAreNotTransitiveDependencies[14],0.332864
isolated,org.springframework.boot.starter.StarterDependenciesIntegrationTests.oldSpringModulesAreNotTransitiveDependencies[15],0.3350438
isolated,org.springframework.boot.starter.StarterDependenciesIntegrationTests.oldSpringModulesAreNotTransitiveDependencies[16],0.3351051
isolated,org.springframework.boot.starter.StarterDependenciesIntegrationTests.oldSpringModulesAreNotTransitiveDependencies[17],0.3315934
isolated,org.springframework.boot.starter.StarterDependenciesIntegrationTests.oldSpringModulesAreNotTransitiveDependencies[18],0.3357969
isolated,org.springframework.boot.starter.StarterDependenciesIntegrationTests.oldSpringModulesAreNotTransitiveDependencies[19],0.3318339
isolated,org.springframework.boot.starter.StarterDependenciesIntegrationTests.oldSpringModulesAreNotTransitiveDependencies[1],0.3338126
isolated,org.springframework.boot.starter.StarterDependenciesIntegrationTests.oldSpringModulesAreNotTransitiveDependencies[20],0.3343227
isolated,org.springframework.boot.starter.StarterDependenciesIntegrationTests.oldSpringModulesAreNotTransitiveDependencies[21],0.3350174
isolated,org.springframework.boot.starter.StarterDependenciesIntegrationTests.oldSpringModulesAreNotTransitiveDependencies[22],0.3324929
isolated,org.springframework.boot.starter.StarterDependenciesIntegrationTests.oldSpringModulesAreNotTransitiveDependencies[23],0.3342332
isolated,org.springframework.boot.starter.StarterDependenciesIntegrationTests.oldSpringModulesAreNotTransitiveDependencies[24],0.3369729
isolated,org.springframework.boot.starter.StarterDependenciesIntegrationTests.oldSpringModulesAreNotTransitiveDependencies[25],0.3365401
isolated,org.springframework.boot.starter.StarterDependenciesIntegrationTests.oldSpringModulesAreNotTransitiveDependencies[26],0.3379829
isolated,org.springframework.boot.starter.StarterDependenciesIntegrationTests.oldSpringModulesAreNotTransitiveDependencies[27],0.3353248
isolated,org.springframework.boot.starter.StarterDependenciesIntegrationTests.oldSpringModulesAreNotTransitiveDependencies[28],0.3338721
isolated,org.springframework.boot.starter.StarterDependenciesIntegrationTests.oldSpringModulesAreNotTransitiveDependencies[29],0.3378726
isolated,org.springframework.boot.starter.StarterDependenciesIntegrationTests.oldSpringModulesAreNotTransitiveDependencies[2],0.3364433
isolated,org.springframework.boot.starter.StarterDependenciesIntegrationTests.oldSpringModulesAreNotTransitiveDependencies[30],0.3359189
isolated,org.springframework.boot.starter.StarterDependenciesIntegrationTests.oldSpringModulesAreNotTransitiveDependencies[31],0.3227085
isolated,org.springframework.boot.starter.StarterDependenciesIntegrationTests.oldSpringModulesAreNotTransitiveDependencies[32],0.3232629
isolated,org.springframework.boot.starter.StarterDependenciesIntegrationTests.oldSpringModulesAreNotTransitiveDependencies[33],0.3215751
isolated,org.springframework.boot.starter.StarterDependenciesIntegrationTests.oldSpringModulesAreNotTransitiveDependencies[34],0.3235307
isolated,org.springframework.boot.starter.StarterDependenciesIntegrationTests.oldSpringModulesAreNotTransitiveDependencies[35],0.3223642
isolated,org.springframework.boot.starter.StarterDependenciesIntegrationTests.oldSpringModulesAreNotTransitiveDependencies[36],0.3216292
isolated,org.springframework.boot.starter.StarterDependenciesIntegrationTests.oldSpringModulesAreNotTransitiveDependencies[37],0.3204876
isolated,org.springframework.boot.starter.StarterDependenciesIntegrationTests.oldSpringModulesAreNotTransitiveDependencies[38],0.3188286
isolated,org.springframework.boot.starter.StarterDependenciesIntegrationTests.oldSpringModulesAreNotTransitiveDependencies[3],0.3353681
isolated,org.springframework.boot.starter.StarterDependenciesIntegrationTests.oldSpringModulesAreNotTransitiveDependencies[4],0.3336853
isolated,org.springframework.boot.starter.StarterDependenciesIntegrationTests.oldSpringModulesAreNotTransitiveDependencies[5],0.3353548
isolated,org.springframework.boot.starter.StarterDependenciesIntegrationTests.oldSpringModulesAreNotTransitiveDependencies[6],0.3367675
isolated,org.springframework.boot.starter.StarterDependenciesIntegrationTests.oldSpringModulesAreNotTransitiveDependencies[7],0.3363741
isolated,org.springframework.boot.starter.StarterDependenciesIntegrationTests.oldSpringModulesAreNotTransitiveDependencies[8],0.3362417
isolated,org.springframework.boot.starter.StarterDependenciesIntegrationTests.oldSpringModulesAreNotTransitiveDependencies[9],0.3214516
isolated,com.squareup.okhttp.AsyncApiTest.redirect,0.1039542
isolated,com.squareup.okhttp.internal.http.HttpResponseCacheTest.clientPrematureDisconnectWithChunkedEncoding,1.1964501999999
isolated,com.squareup.okhttp.internal.http.HttpResponseCacheTest.expirationDateInThePastWithLastModifiedHeader,0.1123534
isolated,com.squareup.okhttp.internal.http.HttpResponseCacheTest.responseCachingByResponseCode,0.2366485
isolated,com.squareup.okhttp.internal.http.HttpResponseCacheTest.responseCaching_410,0.1024273
isolated,com.squareup.okhttp.internal.http.HttpResponseCacheTest.responseSourceHeaderConditionalCacheNotFetched,0.1058035
isolated,com.squareup.okhttp.internal.http.HttpResponseCacheTest.responseSourceHeaderFetched,0.0982404
isolated,com.squareup.okhttp.internal.http.HttpResponseCacheTest.statisticsConditionalCacheMiss,0.1078229
isolated,com.squareup.okhttp.internal.http.ResponseCacheTest.authorizationResponseCachedWithMustRevalidate,0.1053107
isolated,com.squareup.okhttp.internal.http.ResponseCacheTest.cacheCanUseCriteriaBesidesVariantObeyed,0.1060077
isolated,com.squareup.okhttp.internal.http.ResponseCacheTest.cacheControlNoStoreAndExpirationDateInTheFuture,0.1074584
isolated,com.squareup.okhttp.internal.http.ResponseCacheTest.clientPrematureDisconnectWithContentLengthHeader,0.20475919999999
isolated,com.squareup.okhttp.internal.http.ResponseCacheTest.clientPrematureDisconnectWithNoLengthHeaders,0.1041155
isolated,com.squareup.okhttp.internal.http.ResponseCacheTest.clientSuppliedConditionWithoutCachedResult,0.1050035
isolated,com.squareup.okhttp.internal.http.ResponseCacheTest.contentLocationDoesNotPopulateCache,0.1041626
isolated,com.squareup.okhttp.internal.http.ResponseCacheTest.etag,0.1077962
isolated,com.squareup.okhttp.internal.http.ResponseCacheTest.getHeadersDeletesCached100LevelWarnings,0.1075443
isolated,com.squareup.okhttp.internal.http.ResponseCacheTest.maxAgeInTheFutureWithDateHeader,0.1060976
isolated,com.squareup.okhttp.internal.http.ResponseCacheTest.maxAgePreferredOverLowerSharedMaxAge,0.1067133
isolated,com.squareup.okhttp.internal.http.ResponseCacheTest.maxAgePreferredWithMaxAgeAndExpires,0.1067387
isolated,com.squareup.okhttp.internal.http.ResponseCacheTest.noDefaultExpirationForUrlsWithQueryString,0.1104414
isolated,com.squareup.okhttp.internal.http.ResponseCacheTest.requestOnlyIfCachedWithNoResponseCached,0.095554700000001
isolated,com.squareup.okhttp.internal.http.ResponseCacheTest.requestPragmaNoCache,0.1080751
isolated,com.squareup.okhttp.internal.http.ResponseCacheTest.responseCachingAndInputStreamSkipWithChunkedEncoding,0.1094726
isolated,com.squareup.okhttp.internal.http.ResponseCacheTest.responseCachingAndRedirects,0.108859
isolated,com.squareup.okhttp.internal.http.ResponseCacheTest.serverReturnsDocumentOlderThanCache,0.1112574
isolated,com.squareup.okhttp.internal.http.ResponseCacheTest.setIfModifiedSince,0.1052803
isolated,com.squareup.okhttp.internal.http.URLConnectionTest.authenticateRealmUppercase,0.094817500000003
isolated,com.squareup.okhttp.internal.http.URLConnectionTest.authenticateWithChunkedStreaming,0.092660900000003
isolated,com.squareup.okhttp.internal.http.URLConnectionTest.canSetNegativeChunkedStreamingMode,0.070200300000001
isolated,com.squareup.okhttp.internal.http.URLConnectionTest.cannotSetNegativeFixedLengthStreamingMode,0.069520399999998
isolated,com.squareup.okhttp.internal.http.URLConnectionTest.chunkedUpload_byteByByte,0.11342250000001
isolated,com.squareup.okhttp.internal.http.URLConnectionTest.chunkedUpload_smallBuffers,0.099580099999999
isolated,com.squareup.okhttp.internal.http.URLConnectionTest.clientConfiguredCustomContentEncoding,0.091643700000002
isolated,com.squareup.okhttp.internal.http.URLConnectionTest.connectRetriesUntilConnectedOrFailed,0.080133199999998
isolated,com.squareup.okhttp.internal.http.URLConnectionTest.connectViaHttpProxyToHttpsUsingBadProxyAndHttpResponseCache,0.094740900000004
isolated,com.squareup.okhttp.internal.http.URLConnectionTest.connectViaProxyUsingProxySystemProperty,0.092503700000002
isolated,com.squareup.okhttp.internal.http.URLConnectionTest.connectionCloseInRequest,0.092470800000003
isolated,com.squareup.okhttp.internal.http.URLConnectionTest.contentDisagreesWithChunkedHeader,0.091621500000004
isolated,com.squareup.okhttp.internal.http.URLConnectionTest.digestAuthentication,0.090589100000009
isolated,com.squareup.okhttp.internal.http.URLConnectionTest.disconnectedConnection,0.090353200000007
isolated,com.squareup.okhttp.internal.http.URLConnectionTest.earlyDisconnectDoesntHarmPoolingWithFixedLengthEncoding,0.093662400000003
isolated,com.squareup.okhttp.internal.http.URLConnectionTest.emptyResponseHeaderNameIsLenient,0.091139500000003
isolated,com.squareup.okhttp.internal.http.URLConnectionTest.fixedLengthUpload_largeBuffers,0.095350600000004
isolated,com.squareup.okhttp.internal.http.URLConnectionTest.fixedLengthUpload_smallBuffers,0.1219626
isolated,com.squareup.okhttp.internal.http.URLConnectionTest.fullyBufferedPostIsTooLong,0.088426500000002
isolated,com.squareup.okhttp.internal.http.URLConnectionTest.fullyBufferedPostIsTooShort,0.087156000000001
isolated,com.squareup.okhttp.internal.http.URLConnectionTest.getContent,0.091083600000005
isolated,com.squareup.okhttp.internal.http.URLConnectionTest.getContentLengthConnects,0.090380100000004
isolated,com.squareup.okhttp.internal.http.URLConnectionTest.getOutputStreamOnGetFails,0.084780399999993
isolated,com.squareup.okhttp.internal.http.URLConnectionTest.getRequestPropertyReturnsLastValue,0.069712600000002
isolated,com.squareup.okhttp.internal.http.URLConnectionTest.gzipWithRedirectAndConnectionReuse,0.093033200000001
isolated,com.squareup.okhttp.internal.http.URLConnectionTest.inputStreamAvailableWithContentLengthHeader,0.091633800000005
isolated,com.squareup.okhttp.internal.http.URLConnectionTest.inputStreamAvailableWithNoLengthHeaders,0.091433800000003
isolated,com.squareup.okhttp.internal.http.URLConnectionTest.nonHexChunkSize,0.091004400000007
isolated,com.squareup.okhttp.internal.http.URLConnectionTest.postFailsWithBufferedRequestForSmallRequest,0.095167500000003
isolated,com.squareup.okhttp.internal.http.URLConnectionTest.postFailsWithChunkedRequestForLargeRequest,0.1084414
isolated,com.squareup.okhttp.internal.http.URLConnectionTest.postFailsWithChunkedRequestForSmallRequest,0.096279200000001
isolated,com.squareup.okhttp.internal.http.URLConnectionTest.postFailsWithFixedLengthRequestForLargeRequest,0.1088745
isolated,com.squareup.okhttp.internal.http.URLConnectionTest.postFailsWithFixedLengthRequestForSmallRequest,0.098428400000002
isolated,com.squareup.okhttp.internal.http.URLConnectionTest.readAfterLastByte,0.091678600000005
isolated,com.squareup.okhttp.internal.http.URLConnectionTest.redirectToAnotherOriginServer,0.096567400000003
isolated,com.squareup.okhttp.internal.http.URLConnectionTest.redirectedWithChunkedEncoding,0.093469600000002
isolated,com.squareup.okhttp.internal.http.URLConnectionTest.redirectedWithNoLengthHeaders,0.092770000000002
isolated,com.squareup.okhttp.internal.http.URLConnectionTest.requestBodySurvivesRetriesWithBufferedBody,0.092907100000002
isolated,com.squareup.okhttp.internal.http.URLConnectionTest.requestBodySurvivesRetriesWithChunkedStreaming,0.092399100000003
isolated,com.squareup.okhttp.internal.http.URLConnectionTest.requestBodySurvivesRetriesWithFixedLength,0.092639399999999
isolated,com.squareup.okhttp.internal.http.URLConnectionTest.response300MultipleChoiceWithPost,0.093632300000002
isolated,com.squareup.okhttp.internal.http.URLConnectionTest.response302MovedTemporarilyWithPost,0.094356400000004
isolated,com.squareup.okhttp.internal.http.URLConnectionTest.response303SeeOtherWithPost,0.093532500000002
isolated,com.squareup.okhttp.internal.http.URLConnectionTest.response305UseProxy,0.090627800000005
isolated,com.squareup.okhttp.internal.http.URLConnectionTest.response307WithHead,0.092584200000004
isolated,com.squareup.okhttp.internal.http.URLConnectionTest.response307WithOptions,0.090555000000007
isolated,com.squareup.okhttp.internal.http.URLConnectionTest.response307WithPost,0.090857000000004
isolated,com.squareup.okhttp.internal.http.URLConnectionTest.responseCacheReturnsNullOutputStream,0.091940400000003
isolated,com.squareup.okhttp.internal.http.URLConnectionTest.responseHeaders,0.092202200000002
isolated,com.squareup.okhttp.internal.http.URLConnectionTest.serverSendsInvalidCodeTooLarge,0.087793000000002
isolated,com.squareup.okhttp.internal.http.URLConnectionTest.serverShutdownInput,0.093860500000001
isolated,com.squareup.okhttp.internal.http.URLConnectionTest.serverShutdownOutput,0.1002219
isolated,com.squareup.okhttp.internal.http.URLConnectionTest.setInvalidRequestMethodConnect,0.070144700000001
isolated,com.squareup.okhttp.internal.http.URLConnectionTest.setInvalidRequestMethodLowercase,0.069978900000003
isolated,com.squareup.okhttp.internal.http.URLConnectionTest.setProtocols,0.090604700000006
isolated,com.squareup.okhttp.internal.http.URLConnectionTest.setProtocolsWithoutHttp11,0.00206
isolated,com.squareup.okhttp.internal.http.URLConnectionTest.singleByteReadIsSigned,0.090561100000005
isolated,com.squareup.okhttp.internal.http.URLConnectionTest.unauthorizedResponseHandling,0.091033900000005
isolated,com.squareup.okhttp.internal.http.URLConnectionTest.veryLargeFixedLengthRequest,2.0759973
isolated,com.squareup.okhttp.internal.http.URLConnectionTest.zeroLengthPost,0.091187900000007
isolated,com.squareup.okhttp.internal.http.URLConnectionTest.zeroLengthPut,0.092440600000005
isolated,com.squareup.okhttp.internal.spdy.SpdyConnectionTest.headersOnlyStreamIsClosedAfterReplyHeaders,0.018730800000001
isolated,com.squareup.okhttp.internal.spdy.SpdyConnectionTest.initialSettingsWithWindowSizeAdjustsConnection,0.51892669999998
isolated,com.squareup.okhttp.internal.spdy.SpdyConnectionTest.maxFrameSizeHonored,0.0247549
isolated,com.squareup.okhttp.internal.spdy.SpdyConnectionTest.peerHttp2ServerZerosCompressionTable,0.021910199999997
isolated,com.squareup.okhttp.internal.spdy.SpdyConnectionTest.pushPromiseStream,0.026551300000001
isolated,com.squareup.okhttp.internal.spdy.SpdyConnectionTest.readSendsWindowUpdate,0.022468299999998
isolated,com.squareup.okhttp.internal.spdy.SpdyConnectionTest.readSendsWindowUpdateHttp2,0.0274822
isolated,com.squareup.okhttp.internal.spdy.SpdyConnectionTest.receiveGoAway,0.019285400000002
isolated,com.squareup.okhttp.internal.spdy.SpdyConnectionTest.receiveGoAwayHttp2,0.025588600000002
isolated,com.squareup.okhttp.internal.spdy.SpdyConnectionTest.remoteSendsDataAfterInFinished,0.019475800000002
isolated,com.squareup.okhttp.internal.spdy.SpdyConnectionTest.replyWithNoData,0.020830399999999
isolated,com.squareup.okhttp.internal.spdy.SpdyConnectionTest.serverClosesClientInputStream,0.019179000000002
isolated,org.java_websocket.issues.Issue256Test.runReconnectBlockingScenario0,0.4604638
isolated,org.java_websocket.issues.Issue256Test.runReconnectBlockingScenario1,0.4652079
isolated,org.java_websocket.issues.Issue256Test.runReconnectBlockingScenario2,0.4660693
isolated,org.java_websocket.issues.Issue256Test.runReconnectBlockingScenario3,0.47168319999999
isolated,org.java_websocket.issues.Issue256Test.runReconnectBlockingScenario4,0.4773047
isolated,org.java_websocket.issues.Issue256Test.runReconnectBlockingScenario5,0.46037939999999
isolated,org.java_websocket.issues.Issue256Test.runReconnectBlockingScenario6,0.4520436
isolated,org.java_websocket.issues.Issue256Test.runReconnectBlockingScenario7,0.4566688
isolated,org.java_websocket.issues.Issue256Test.runReconnectBlockingScenario8,0.44465039999999
isolated,org.java_websocket.issues.Issue256Test.runReconnectBlockingScenario9,0.4458874
isolated,org.java_websocket.issues.Issue256Test.runReconnectScenario0,0.7956725
isolated,org.java_websocket.issues.Issue256Test.runReconnectScenario1,0.82625019999999
isolated,org.java_websocket.issues.Issue256Test.runReconnectScenario2,0.81900319999999
isolated,org.java_websocket.issues.Issue256Test.runReconnectScenario3,0.8377582
isolated,org.java_websocket.issues.Issue256Test.runReconnectScenario4,0.82379239999999
isolated,org.java_websocket.issues.Issue256Test.runReconnectScenario5,0.80125539999999
isolated,org.java_websocket.issues.Issue256Test.runReconnectScenario6,0.78981909999999
isolated,org.java_websocket.issues.Issue256Test.runReconnectScenario7,0.77525169999999
isolated,org.java_websocket.issues.Issue256Test.runReconnectScenario8,0.82752129999999
isolated,org.java_websocket.issues.Issue256Test.runReconnectScenario9,0.80297889999999
isolated,org.java_websocket.issues.Issue580Test.runNoCloseBlockingTestScenario7,0.1753724
isolated,org.java_websocket.issues.Issue677Test.testIssue,0.067936800000001
isolated,org.java_websocket.protocols.ProtoclHandshakeRejectionTest.testHandshakeRejectionTestCase10,0.043018299999999
isolated,io.undertow.server.handlers.DateHandlerTestCase.testDateHandler,1.7593254
isolated,io.undertow.server.handlers.proxy.LoadBalancingProxyTestCase.testLoadSharedWithServerShutdown,0.3304176
isolated,io.undertow.server.security.DigestAuthentication2069TestCase.testDigestSuccess,0.2936442
isolated,io.undertow.server.security.DigestAuthentication2069TestCase.testNonceReUse,0.2993791
isolated,io.undertow.server.security.DigestAuthenticationAuthTestCase.testDigestSuccess,0.3119014
isolated,io.undertow.server.security.SpnegoAuthenticationTestCase.testSpnegoSuccess,0.60869859999999
isolated,io.undertow.server.security.SpnegoBasicAuthenticationTestCase.testSpnegoSuccess,0.6094067
isolated,org.jboss.as.clustering.infinispan.subsystem.InfinispanTransformersTestCase.testRejectionsEAP640,2.7438466
isolated,org.jboss.as.clustering.infinispan.subsystem.InfinispanTransformersTestCase.testRejectionsEAP700,2.9107216
isolated,org.jboss.as.clustering.infinispan.subsystem.InfinispanTransformersTestCase.testRejectionsEAP710,2.9964524
isolated,org.jboss.as.clustering.infinispan.subsystem.InfinispanTransformersTestCase.testTransformerEAP640,3.6028535
isolated,org.jboss.as.clustering.infinispan.subsystem.InfinispanTransformersTestCase.testTransformerEAP700,2.6498429
isolated,org.jboss.as.clustering.infinispan.subsystem.InfinispanTransformersTestCase.testTransformerEAP710,2.8046624
isolated,org.jboss.as.clustering.jgroups.ManagedSocketFactoryTest.createDatagramSocket,0.091840600000001
isolated,org.jboss.as.clustering.jgroups.ManagedSocketFactoryTest.createMulticastSocket,0.1157412
isolated,org.jboss.as.clustering.jgroups.ManagedSocketFactoryTest.createServerSocket,0.087759400000002
isolated,org.jboss.as.clustering.jgroups.ManagedSocketFactoryTest.createSocket,0.1284232
isolated,org.jboss.as.mail.extension.MailSubsystem30TestCase.testRuntime,0.6575683
isolated,org.jboss.as.messaging.test.MessagingSubsystem30TestCase.testRejectExpressionsEAP_6_4_0,1.2470601
isolated,org.jboss.as.messaging.test.MessagingSubsystem30TestCase.testTransformersEAP_6_4_0,1.915707
isolated,org.jboss.as.naming.subsystem.NamingSubsystemTestCase.testRejectionsEAP6,0.945542
isolated,org.jboss.as.naming.subsystem.NamingSubsystemTestCase.testRejectionsEAP7,0.97534570000001
isolated,org.jboss.as.test.integration.jsp.JspTagTestCase.test,0.4377558
isolated,org.jboss.as.test.smoke.jms.JMSBridgeTest.sendAndReceiveMessage,1.7346223
isolated,org.jboss.as.test.smoke.jms.SendToJMSQueueTest.sendAndReceiveMessage,2.3373344
isolated,org.jboss.as.test.smoke.jms.SendToQueueIgnoreJTATest.sendAndRollbackInJTA,15.4833755
isolated,org.jboss.as.test.smoke.jms.SendToQueueIgnoreJTATest.sendIgnoreJTA,0.4773461
isolated,org.jboss.as.test.smoke.messaging.client.messaging.MessagingClientTestCase.testMessagingClientUsingMessagingPort,1.8640525
isolated,org.jboss.as.txn.subsystem.TransactionSubsystemTestCase.testRejectTransformersEAP640,0.9729971
isolated,org.jboss.as.txn.subsystem.TransactionSubsystemTestCase.testRejectTransformersEAP700,1.0301545
isolated,org.jboss.as.txn.subsystem.TransactionSubsystemTestCase.testRejectTransformersEAP710,1.0897679
isolated,org.jboss.as.txn.subsystem.TransactionSubsystemTestCase.testTransformersFullEAP640,1.0495935
isolated,org.jboss.as.txn.subsystem.TransactionSubsystemTestCase.testTransformersFullEAP700,1.1378318
isolated,org.jboss.as.txn.subsystem.TransactionSubsystemTestCase.testTransformersFullEAP710,1.2211757
isolated,org.wildfly.clustering.ee.ImmutabilityTestCase.test,0.079764699999999
isolated,org.wildfly.clustering.web.session.SessionAttributeImmutabilityTestCase.test,0.0818629
isolated,org.wildfly.iiop.openjdk.IIOPSubsystemTransformersTestCase.testRejectTransformersEAP_7_0_0,1.1692572
isolated,org.wildfly.iiop.openjdk.IIOPSubsystemTransformersTestCase.testTransformersEAP_7_0_0,1.1367076
isolated,org.wildfly.mod_cluster.undertow.UndertowConnectorTestCase.getAddress,0.038168400000001
isolated,org.wildfly.mod_cluster.undertow.UndertowConnectorTestCase.getPort,0.038309800000001
isolated,org.wildfly.mod_cluster.undertow.UndertowConnectorTestCase.setAddress,0.0057529000000004
isolated,ro.isdc.wro.cache.support.TestDefaultSynchronizedCacheStrategyDecorator.shouldCheckOnlyAfterTimeout,0.189498
isolated,ro.isdc.wro.extensions.processor.TestBourbonCssProcessor.shouldBeThreadSafe,2.845603201067
isolated,ro.isdc.wro.extensions.processor.TestRubySassCssProcessor.executeMultipleTimesDoesntThrowOutOfMemoryException,2.8732245
isolated,ro.isdc.wro.extensions.processor.TestRubySassCssProcessor.shouldBeThreadSafe,2.993328138023
isolated,ro.isdc.wro.extensions.processor.TestRubySassCssProcessor.shouldFailWhenInvalidSassCssIsProcessed,1.7406842
isolated,ro.isdc.wro.extensions.processor.TestRubySassCssProcessor.shouldSucceedAfterAFailure,1.7270887
isolated,ro.isdc.wro.extensions.processor.TestRubySassCssProcessor.shouldTestFromFolder,2.4031096
isolated,ro.isdc.wro.extensions.processor.support.sass.TestRubySassEngine.cannotProcessInvalidCss,1.6468095
isolated,ro.isdc.wro.extensions.processor.support.sass.TestRubySassEngine.shouldProcessValidCss,1.6503138
isolated,ro.isdc.wro.extensions.processor.support.sass.TestRubySassEngine.shouldProcessValidSass,1.6524481
isolated,ro.isdc.wro.maven.plugin.TestWro4jMojo.shouldBeFasterWhenRunningProcessingInParallel,0.091211800000006
isolated,ro.isdc.wro.model.group.processor.TestPreProcessorExecutor.preProcessingInParallelIsFaster,1.3829428
isolated,ro.isdc.wro.model.resource.locator.TestUrlUriLocator.testValidUrl,0.239107
isolated,ro.isdc.wro.model.resource.locator.support.TestDispatcherStreamLocator.canLocateValidResource,0.3242484
isolated,ro.isdc.wro.util.concurrent.TestTaskExecutor.shouldBeFasterWhenRunningMultipleSlowTasks,0.3198001
isolated,ro.isdc.wro.util.concurrent.TestTaskExecutor.shouldHaveMinimalOverheadWhenRunningASingleTask,0.1120232
isolated,com.google.zxing.aztec.encoder.EncoderTest.testAztecWriter,0.0324357
isolated,com.google.zxing.pdf417.decoder.ec.ErrorCorrectionTestCase.testTooManyErrors,0.016231299999999
